alpha,averEnergy,Eldot
0.1,4.23182,0.162523
-0.0625233,1.24418e+52,nan
