alpha,energy,STD
0.2,22.436,17.526
0.26,18.4089,5.67458
0.32,16.6282,2.66355
0.38,15.7207,1.00287
0.44,15.058,0.195266
0.5,15,0
0.56,15.1027,0.203512
0.62,15.3927,0.775127
