alpha,energy,STD
0.2,204.133,448.349
0.26,177.035,62.2589
0.32,162.799,33.7076
0.38,153.501,11.1568
0.44,151.749,3.48589
0.5,150,0
0.56,150.413,1.85509
0.62,152.974,3.15459
0.68,156.77,10.3081
0.74,163.322,29.7174
