alpha,energy,STD
0.2,4.32938,3.36681
0.26,3.75037,1.46815
0.32,3.24459,0.541393
0.38,3.06818,0.191122
0.44,3.02866,0.0478439
0.5,3,0
0.56,3.03311,0.0384148
0.62,3.0959,0.129966
0.68,3.12342,0.303136
0.74,3.16575,0.553331
