alpha,energy,STD
0.2,21.733,15.371
0.26,18.1586,6.38352
0.32,16.7156,4.00838
0.38,15.7879,1.379
0.44,15.1924,0.313991
0.5,15,0
0.56,15.0371,0.204149
0.62,15.3154,0.664256
0.68,15.5308,1.35156
0.74,16.0874,2.20125
