alpha,energy,STD
0.2,22.1179,22.7199
0.26,18.3858,8.6942
0.32,16.6871,3.41923
0.38,15.739,1.29478
0.44,15.1755,0.285973
0.5,15,0
0.56,15.1053,0.251898
0.62,15.2993,0.787972
0.68,15.5677,1.67165
0.74,16.1664,3.36101
