alpha,energy,STD
0.2,216.567,180.115
0.26,185.26,73.0683
0.32,164.444,19.0022
0.38,156.065,14.54
0.44,151.234,1.86864
0.5,150,0
0.56,151.663,1.98105
0.62,152.661,4.9394
0.68,158.559,9.36103
0.74,163.206,15.072
