alpha,energy,STD
0.2,20.8134,16.6831
0.26,17.4934,7.56309
0.32,16.1391,3.10413
0.38,15.3198,1.15557
0.44,15.0112,0.20526
0.5,15,0
0.56,15.1455,0.215578
0.62,15.498,0.623924
0.68,15.9045,1.35145
0.74,16.3991,2.16452
