alpha,energy,STD
0.2,21.5381,11.3
0.26,18.2607,5.88081
0.32,16.6186,2.6801
0.38,15.4655,0.743217
0.44,15.0269,0.186859
0.5,15,0
0.56,15.1451,0.164582
0.62,15.4336,0.602447
0.68,15.7135,1.41589
0.74,16.1441,1.96514
