alpha,energy,STD
0.2,2.07281,1.42998
0.26,1.80494,0.663314
0.32,1.66064,0.327976
0.38,1.55154,0.104992
0.44,1.50296,0.0226868
0.5,1.5,0
0.56,1.50508,0.0212284
0.62,1.53471,0.0624147
0.68,1.55926,0.155696
0.74,1.60652,0.247864
