alpha,energy,STD
0.2,213.797,119.451
0.26,178.734,93.5898
0.32,165.838,24.2969
0.38,153.293,4.15653
0.44,151.035,3.55185
0.5,150,0
0.56,151.467,1.1895
0.62,154.892,3.84659
0.68,157.196,16.6088
0.74,162.763,31.6715
