alpha,energy,STD
0.2,22.7925,18.8681
0.26,18.7021,7.28982
0.32,16.6993,2.8984
0.38,15.6355,1.15206
0.44,15.1506,0.250965
0.5,15,0
0.56,15.0426,0.210855
0.62,15.2567,0.888478
0.68,15.428,1.5407
0.74,15.7039,2.58973
