alpha,energy,STD
0.2,21.1649,17.3278
0.26,18.3201,7.46007
0.32,16.7555,3.58208
0.38,15.6267,1.05852
0.44,15.0874,0.239009
0.5,15,0
0.56,15.0903,0.181624
0.62,15.2791,0.737032
0.68,15.8543,1.25173
0.74,16.0339,2.59758
