alpha,energy,std
0.2,2.20455,1.62416
0.275,1.76519,0.534681
0.35,1.62408,0.207855
0.425,1.51146,0.0378634
0.5,1.5,-3.72529e-09
0.575,1.52442,0.02573
0.65,1.57412,0.0925974
0.725,1.59036,0.217731
0.8,1.66224,0.348342