alpha,energy,std,acceptance
0.4,7.43551,0.740619,0.973215
0.42,7.36487,0.458387,0.971092
0.44,7.31739,0.245339,0.968851
0.46,7.28408,0.102653,0.96632
0.48,7.26468,0.0242298,0.964273
0.5,7.25996,0.000107096,0.962294
0.52,7.26671,0.0237368,0.959978
0.54,7.28271,0.0914128,0.957912
0.56,7.30864,0.197966,0.955883
0.58,7.34202,0.338451,0.953775
0.6,7.39092,0.502514,0.950638