N,energy,std,acceptance
5,12.1284,0.000431361,0.96216
10,24.3992,0.00284033,0.961277
15,36.8059,0.0082572,0.960659