alpha,energy,std
0.2,2.10996,1.64342
0.275,1.75691,0.547782
0.35,1.5974,0.200798
0.425,1.53689,0.0464867
0.5,1.5,-3.72529e-09
0.575,1.51681,0.0298461
0.65,1.53998,0.114275
0.725,1.62478,0.200191
0.8,1.68521,0.338334