N,energy,std
3,-1.49012e-08,0.5086
6,-5.96047e-08,0.4978
9,-1.3411e-07,0.5014
12,-2.38419e-07,0.5028