N,energy,std,acceptance
5,15,0,0.98588
10,15,0,0.985803
15,22.5,0,0.985666