energy,STD
12.128207609762187,0.00023500104321744843
24.398872403819084,0.000894226774502506
36.80945010154152,0.0018926110913703078
