energy,std
27.57330846777345,0.02406574171417451
